{
  "审查时间": "2026-04-19 16:53:38",
  "审查范围": [
    "/Users/a1234/Desktop/中国人物画知识图谱/03-初步抽取/续画品/2.1_历史人物核心表.csv"
  ],
  "统计摘要": {
    "文件总数": 1,
    "记录总数": 22,
    "问题总数": 19,
    "严重问题": 0,
    "警告问题": 19,
    "自动修复": 19,
    "需人工处理": 0
  },
  "表级统计": {
    "历史人物核心表 (Person)": {
      "记录数": 22,
      "必填字段完整率": 1.0,
      "推荐字段完整率": 0.3333333333333333,
      "字段覆盖率": {
        "person_id": 1.0,
        "primary_role": 1.0,
        "name": 1.0,
        "courtesy_name": 0.13636363636363635,
        "pseudonym": 0.0,
        "other_names": 0.3181818181818182,
        "choronym": 0.4090909090909091,
        "birth_death": 1.0,
        "period_ref": 0.9090909090909091,
        "authority_ids": 0.3181818181818182,
        "source_book": 1.0,
        "source.chapter": 1.0,
        "originalsource_sentence": 0.9090909090909091
      }
    }
  }
}